song_id,observed_days,song,artist,album_type,is_explicit,reentries,avg_rank_jump,avg_days_to_best,avg_retention,reentry_frequency_per_100_days,freq_pct,jump_pct,recovery_pct,retention_pct,fandom_intensity_proxy
love dive | ive,6,LOVE DIVE,IVE,single,False,3.0,0.3333333333333333,0.0,1.3333333333333333,50.0,0.9888268156424581,0.8677839851024208,0.931098696461825,0.6508379888268156,90.71694599627561
like crazy (instrumental) | jimin,6,Like Crazy (Instrumental),Jimin,single,False,2.0,2.5,0.5,2.0,33.33333333333333,0.9664804469273743,0.9459962756052142,0.8258845437616387,0.7048417132216015,90.60521415270017
teddy bear | stayc,13,Teddy Bear,STAYC,single,False,4.0,1.0,0.25,3.0,30.76923076923077,0.9543761638733705,0.9013035381750466,0.8519553072625698,0.7718808193668529,89.97206703910614
filter | bts,7,Filter,BTS,album,False,2.0,0.5,0.0,2.0,28.57142857142857,0.9478584729981379,0.8761638733705773,0.931098696461825,0.7048417132216015,89.86964618249534
double take | dhruv,31,double take,Dhruv,album,False,6.0,4.333333333333333,1.6666666666666667,5.0,19.35483870967742,0.9124767225325885,0.9720670391061452,0.7327746741154562,0.8314711359404097,88.63128491620111
christmas love | jimin,29,Christmas Love,Jimin,single,False,14.0,0.2857142857142857,0.5,2.0,48.275862068965516,0.9776536312849162,0.8631284916201117,0.8258845437616387,0.7048417132216015,88.56610800744879
with you | jimin & ha sung woon,22,With you,Jimin & HA SUNG WOON,single,False,4.0,5.25,3.25,5.25,18.181818181818183,0.9068901303538175,0.9832402234636871,0.6759776536312849,0.8379888268156425,87.67225325884543
sweet night | v,23,Sweet Night,V,single,False,2.0,2.0,0.0,2.0,8.695652173913043,0.8305400372439479,0.9357541899441341,0.931098696461825,0.7048417132216015,86.96461824953445
sugarcoat (natty solo) | kiss of life,17,Sugarcoat (NATTY Solo),KISS OF LIFE,single,False,3.0,2.3333333333333335,2.3333333333333335,5.333333333333333,17.647058823529413,0.9050279329608939,0.9441340782122905,0.6964618249534451,0.839851024208566,86.85288640595903
dangerously | charlie puth,28,Dangerously,Charlie Puth,album,False,4.0,2.0,1.0,3.0,14.285714285714285,0.8873370577281192,0.9357541899441341,0.776536312849162,0.7718808193668529,86.81564245810056
you & me | jennie,63,You & Me,JENNIE,single,False,6.0,1.3333333333333333,0.16666666666666666,3.3333333333333335,9.523809523809524,0.8417132216014898,0.9162011173184358,0.8594040968342644,0.7886405959031657,86.22905027932963
you were beautiful | day6,60,You Were Beautiful,DAY6,album,False,12.0,0.6666666666666666,1.0833333333333333,3.3333333333333335,20.0,0.9180633147113594,0.8836126629422719,0.7541899441340782,0.7886405959031657,86.20111731843576
memories | riize,43,Memories,RIIZE,single,False,4.0,2.75,2.0,10.0,9.30232558139535,0.839851024208566,0.9506517690875232,0.7141527001862198,0.909683426443203,85.49348230912477
who (funky remix) | jimin,82,Who (Funky Remix),Jimin,album,False,11.0,1.3636363636363635,2.8181818181818183,5.636363636363637,13.414634146341465,0.8789571694599627,0.9199255121042831,0.6890130353817505,0.8417132216014898,84.95344506517691
please please please | sabrina carpenter,56,Please Please Please,Sabrina Carpenter,single,True,3.0,2.6666666666666665,0.3333333333333333,4.333333333333333,5.357142857142857,0.776536312849162,0.9478584729981379,0.8463687150837989,0.8202979515828678,84.62756052141526
the planet | bts,41,The Planet,BTS,single,False,3.0,1.6666666666666667,0.3333333333333333,2.3333333333333335,7.317073170731707,0.8063314711359404,0.9273743016759777,0.8463687150837989,0.7420856610800745,84.42271880819366
shot glass of tears | jung kook,44,Shot Glass of Tears,Jung Kook,album,False,5.0,0.2,0.2,1.4,11.363636363636363,0.8659217877094972,0.8584729981378026,0.8547486033519553,0.6554934823091247,84.04096834264432
who (shibuyakei remix) | jimin,89,Who (Shibuyakei Remix),Jimin,album,False,7.0,3.5714285714285716,4.0,8.571428571428571,7.865168539325842,0.8212290502793296,0.957169459962756,0.6517690875232774,0.8919925512104283,83.5195530726257
"yes, and? | ariana grande",43,"yes, and?",Ariana Grande,single,True,2.0,11.0,1.5,4.0,4.651162790697675,0.7541899441340782,0.9925512104283054,0.7383612662942272,0.8054003724394786,82.76536312849161
i love you | lim young woong,150,I Love You,Lim Young Woong,album,False,12.0,1.0833333333333333,3.6666666666666665,11.75,8.0,0.8230912476722533,0.9124767225325885,0.6601489757914338,0.9245810055865922,82.74674115456239
love always run away | lim young woong,134,Love Always Run Away,Lim Young Woong,single,False,14.0,0.42857142857142855,3.642857142857143,9.5,10.44776119402985,0.8547486033519553,0.8733705772811918,0.6629422718808193,0.9013035381750466,82.66294227188081
"our blues, our life | lim young woong",362,"Our Blues, Our Life",Lim Young Woong,album,False,27.0,1.0740740740740742,2.6666666666666665,9.962962962962964,7.458563535911603,0.8081936685288641,0.9106145251396648,0.691806331471136,0.9050279329608939,82.53258845437617
vibe (feat. jimin of bts) | taeyang,69,VIBE (feat. Jimin of BTS),TAEYANG,album,False,7.0,0.2857142857142857,3.2857142857142856,9.142857142857142,10.144927536231885,0.8528864059590316,0.8631284916201117,0.6741154562383613,0.8975791433891993,82.46741154562385
who (instrumental) | jimin,90,Who (Instrumental),Jimin,album,False,8.0,0.25,2.0,7.875,8.88888888888889,0.8342644320297952,0.8603351955307262,0.7141527001862198,0.8808193668528864,82.27188081936686
easy | le sserafim,141,EASY,LE SSERAFIM,single,False,6.0,2.8333333333333335,0.16666666666666666,1.8333333333333333,4.25531914893617,0.7411545623836127,0.9534450651769087,0.8594040968342644,0.6731843575418994,82.16945996275605
ditto | newjeans,374,Ditto,NewJeans,single,False,23.0,0.7391304347826086,1.434782608695652,8.391304347826088,6.149732620320856,0.7932960893854749,0.888268156424581,0.7430167597765363,0.8864059590316573,82.10428305400373
melt down | day6,66,Melt Down,DAY6,album,False,4.0,1.5,2.5,8.75,6.0606060606060606,0.7886405959031657,0.9236499068901304,0.6945996275605214,0.8938547486033519,82.08566108007449
my love mine all mine | mitski,81,My Love Mine All Mine,Mitski,album,False,8.0,0.625,5.125,9.25,9.876543209876543,0.8435754189944135,0.8789571694599627,0.6424581005586592,0.8994413407821229,81.95530726256985
"angel pt. 2 (feat. jimin of bts, charlie puth and muni long) | fast & furious: the fast saga & jimin & bts",65,"Angel Pt. 2 (feat. Jimin of BTS, Charlie Puth and Muni Long)",Fast & Furious: The Fast Saga & Jimin & BTS,single,False,3.0,1.3333333333333333,1.0,7.666666666666667,4.615384615384616,0.749534450651769,0.9162011173184358,0.776536312849162,0.8789571694599627,81.7877094972067
lilith (feat. suga of bts) (diablo iv anthem) | halsey & suga,80,Lilith (feat. SUGA of BTS) (Diablo IV Anthem),Halsey & SUGA,single,True,6.0,0.3333333333333333,1.6666666666666667,6.166666666666667,7.5,0.8119180633147114,0.8677839851024208,0.7327746741154562,0.8566108007448789,81.731843575419
love station | lim young woong,5,Love Station,Lim Young Woong,album,False,3.0,0.0,0.0,1.3333333333333333,60.0,1.0,0.5456238361266295,0.931098696461825,0.6508379888268156,81.49906890130354
blue | v,67,Blue,V,single,False,4.0,0.5,0.5,2.0,5.970149253731343,0.7858472998137802,0.8761638733705773,0.8258845437616387,0.7048417132216015,81.28491620111731
new jeans | newjeans,280,New Jeans,NewJeans,single,False,19.0,0.631578947368421,2.1052631578947367,6.0,6.785714285714286,0.7970204841713222,0.8808193668528864,0.7001862197392923,0.8519553072625698,80.82867783985101
t.b.h | qwer,155,T.B.H,QWER,single,False,6.0,1.3333333333333333,0.5,3.1666666666666665,3.870967741935484,0.7206703910614525,0.9162011173184358,0.8258845437616387,0.7858472998137802,80.68901303538173
dreamers [music from the fifa world cup qatar 2022 official soundtrack] | jung kook & bts,161,Dreamers [Music from the FIFA World Cup Qatar 2022 Official Soundtrack],Jung Kook & BTS,single,False,4.0,3.75,0.75,3.0,2.484472049689441,0.6852886405959032,0.9590316573556797,0.8081936685288641,0.7718808193668529,80.06517690875235
"angel pt. 1 (feat. jimin of bts, jvke & muni long) - trailer version | fast & furious: the fast saga & jimin & bts",87,"Angel Pt. 1 (feat. Jimin of BTS, JVKE & Muni Long) - Trailer Version",Fast & Furious: The Fast Saga & Jimin & BTS,single,False,4.0,2.75,10.25,17.25,4.597701149425287,0.7467411545623837,0.9506517690875232,0.5996275605214152,0.9497206703910615,79.87895716945997
fry’s dream | akmu,53,Fry’s Dream,AKMU,single,False,2.0,4.5,9.0,25.0,3.7735849056603774,0.7169459962756052,0.9739292364990689,0.6089385474860336,0.9776536312849162,79.8510242085661
omg | newjeans,317,OMG,NewJeans,single,False,12.0,2.9166666666666665,3.8333333333333335,11.583333333333334,3.7854889589905363,0.7188081936685289,0.9553072625698324,0.6573556797020483,0.9217877094972067,79.77653631284916
elevator | lim young woong,6,Elevator,Lim Young Woong,single,False,3.0,0.0,0.3333333333333333,1.6666666666666667,50.0,0.9888268156424581,0.5456238361266295,0.8463687150837989,0.6675977653631285,79.52513966480447
a psalm of life | lim young woong,121,A Psalm of Life,Lim Young Woong,album,False,6.0,0.8333333333333334,7.166666666666667,20.0,4.958677685950414,0.7635009310986964,0.8919925512104283,0.62756052141527,0.9646182495344506,79.4972067039106
drowning | woodz,7,Drowning,WOODZ,single,False,2.0,0.0,0.0,1.0,28.57142857142857,0.9478584729981379,0.5456238361266295,0.931098696461825,0.6154562383612663,79.05959031657356
like crazy (uk garage remix) | jimin,25,Like Crazy (UK Garage Remix),Jimin,single,False,8.0,0.0,0.5,2.875,32.0,0.957169459962756,0.5456238361266295,0.8258845437616387,0.7560521415270018,78.73370577281192
slow dancing | v,234,Slow Dancing,V,single,False,4.0,1.0,1.25,45.75,1.7094017094017095,0.6610800744878957,0.9013035381750466,0.7523277467411545,0.9906890130353817,78.43575418994413
rainbow | lim young woong,404,Rainbow,Lim Young Woong,album,False,16.0,0.6875,7.25,17.875,3.9603960396039604,0.7271880819366853,0.8864059590316573,0.6238361266294228,0.9553072625698324,77.70949720670392
get a guitar | riize,189,Get A Guitar,RIIZE,single,False,6.0,1.5,9.166666666666666,17.166666666666668,3.1746031746031744,0.7039106145251397,0.9236499068901304,0.6052141527001862,0.9478584729981379,77.4487895716946
nemonemo | yena,24,NEMONEMO,YENA,single,False,5.0,0.0,0.6,2.4,20.833333333333336,0.9236499068901304,0.5456238361266295,0.8175046554934823,0.74487895716946,77.11359404096835
let's say goodbye | parc jae jung,78,Let's Say Goodbye,Parc Jae Jung,album,False,2.0,1.5,18.0,31.5,2.564102564102564,0.6945996275605214,0.9236499068901304,0.5884543761638734,0.9832402234636871,77.09497206703911
haegeum | agust d,149,Haegeum,Agust D,album,False,5.0,0.4,10.6,24.6,3.3557046979865772,0.7132216014897579,0.8715083798882681,0.5977653631284916,0.9739292364990689,76.36871508379889
people pt.2 (feat. iu) | agust d,144,People Pt.2 (feat. IU),Agust D,album,False,2.0,4.0,20.0,63.5,1.3888888888888888,0.6424581005586593,0.9655493482309124,0.5865921787709497,0.9925512104283054,76.3221601489758
アイドル | yoasobi,118,アイドル,YOASOBI,single,False,3.0,0.3333333333333333,2.0,4.0,2.5423728813559325,0.6908752327746741,0.8677839851024208,0.7141527001862198,0.8054003724394786,76.00558659217877
beautiful things | benson boone,85,Beautiful Things,Benson Boone,single,False,2.0,1.0,14.5,19.0,2.3529411764705883,0.6834264432029795,0.9013035381750466,0.595903165735568,0.9618249534450651,75.91247672253259
drama | aespa,223,Drama,aespa,album,False,4.0,0.75,5.5,18.25,1.7937219730941705,0.664804469273743,0.8901303538175046,0.6378026070763501,0.9590316573556797,75.64245810055866
grain of sand | lim young woong,516,Grain of Sand,Lim Young Woong,single,False,3.0,1.0,1.3333333333333333,6.666666666666667,0.5813953488372093,0.5977653631284916,0.9013035381750466,0.7476722532588455,0.8659217877094972,74.56238361266294
lovin on me | jack harlow,15,Lovin On Me,Jack Harlow,single,True,2.0,0.0,2.0,6.5,13.333333333333334,0.8770949720670391,0.5456238361266295,0.7141527001862198,0.8594040968342644,74.32960893854748
if i have you only (my love x nerd connection) | nerd connection,56,If I have you only (My love X Nerd Connection),Nerd Connection,single,False,8.0,0.0,2.875,6.625,14.285714285714285,0.8873370577281192,0.5456238361266295,0.6871508379888268,0.8640595903165735,74.24581005586592
do or die | lim young woong,389,Do or Die,Lim Young Woong,single,False,3.0,0.6666666666666666,2.0,5.666666666666667,0.7712082262210797,0.6052141527001862,0.8836126629422719,0.7141527001862198,0.845437616387337,73.45437616387336
time of our life -japanese ver.- - japanese ver. | day6,102,Time of Our Life -Japanese ver.- - Japanese ver.,DAY6,single,False,8.0,0.0,3.625,12.125,7.8431372549019605,0.819366852886406,0.5456238361266295,0.664804469273743,0.9273743016759777,71.71322160148976
better things | aespa,32,Better Things,aespa,single,False,2.0,0.0,1.5,6.5,6.25,0.7951582867783985,0.5456238361266295,0.7383612662942272,0.8594040968342644,71.53631284916202
loving you | lim young woong,8,Loving You,Lim Young Woong,album,False,3.0,-0.6666666666666666,0.0,2.3333333333333335,37.5,0.9739292364990689,0.21135940409683426,0.931098696461825,0.7420856610800745,71.34078212290504
baddie | ive,62,Baddie,IVE,single,False,3.0,0.0,1.0,4.333333333333333,4.838709677419355,0.7616387337057728,0.5456238361266295,0.776536312849162,0.8202979515828678,70.56797020484171
kill bill | sza,43,Kill Bill,SZA,album,False,3.0,0.0,8.0,13.666666666666666,6.976744186046512,0.8007448789571695,0.5456238361266295,0.6173184357541899,0.9329608938547486,70.07448789571696
i don’t think that i like her | charlie puth,8,I Don’t Think That I Like Her,Charlie Puth,album,False,4.0,-0.75,0.25,1.75,50.0,0.9888268156424581,0.2048417132216015,0.8519553072625698,0.6703910614525139,69.44134078212291
father | lim young woong,106,Father,Lim Young Woong,album,False,5.0,0.0,7.2,21.0,4.716981132075472,0.7579143389199255,0.5456238361266295,0.6256983240223464,0.9664804469273743,68.86405959031657
like crazy (deep house remix) | jimin,28,Like Crazy (Deep House Remix),Jimin,single,False,9.0,-0.2222222222222222,0.7777777777777778,2.888888888888889,32.142857142857146,0.9590316573556797,0.22532588454376165,0.8044692737430168,0.7579143389199255,68.78957169459963
kitsch | ive,92,Kitsch,IVE,album,False,2.0,0.0,0.0,1.0,2.1739130434782608,0.680633147113594,0.5456238361266295,0.931098696461825,0.6154562383612663,68.3705772811918
candy (feat. zion.t) | jay park,7,Candy (Feat. Zion.T),Jay Park,single,False,3.0,-1.0,0.3333333333333333,1.3333333333333333,42.857142857142854,0.9757914338919925,0.18063314711359404,0.8463687150837989,0.6508379888268156,67.88640595903166
in bloom | zerobaseone,6,In Bloom,ZEROBASEONE,single,False,2.0,-2.5,0.0,2.0,33.33333333333333,0.9664804469273743,0.11452513966480447,0.931098696461825,0.7048417132216015,67.76536312849163
maniac | viviz,13,MANIAC,VIVIZ,single,False,4.0,-1.0,0.75,2.75,30.76923076923077,0.9543761638733705,0.18063314711359404,0.8081936685288641,0.7541899441340782,67.2998137802607
crooked | g-dragon,7,CROOKED,G-DRAGON,album,False,2.0,-2.0,0.0,1.5,28.57142857142857,0.9478584729981379,0.1378026070763501,0.931098696461825,0.660148975791434,67.27188081936686
too sad to dance | jung kook,43,Too Sad to Dance,Jung Kook,album,False,8.0,-0.125,0.375,1.625,18.6046511627907,0.9106145251396648,0.2309124767225326,0.8417132216014898,0.664804469273743,66.8342644320298
hate you | jung kook,138,Hate You,Jung Kook,album,False,4.0,0.0,5.25,18.0,2.898550724637681,0.6983240223463687,0.5456238361266295,0.6405959031657356,0.957169459962756,66.68528864059591
nest | lim young woong,36,Nest,Lim Young Woong,album,False,6.0,-0.16666666666666666,0.16666666666666666,1.3333333333333333,16.666666666666664,0.8975791433891993,0.2271880819366853,0.8594040968342644,0.6508379888268156,66.41527001862198
intro: singularity | bts,6,Intro: Singularity,BTS,album,False,2.0,-1.5,1.0,2.5,33.33333333333333,0.9664804469273743,0.15083798882681565,0.776536312849162,0.750465549348231,66.219739292365
somebody | jung kook,62,Somebody,Jung Kook,album,False,15.0,-1.1333333333333333,0.4666666666666667,2.066666666666667,24.193548387096776,0.9292364990689013,0.1601489757914339,0.8342644320297952,0.7355679702048417,66.01489757914338
promise | jimin,35,Promise,Jimin,single,False,9.0,-1.0,1.8888888888888888,3.5555555555555554,25.71428571428571,0.9422718808193669,0.18063314711359404,0.7281191806331471,0.7932960893854749,65.60521415270019
talk saxy | riize,22,Talk Saxy,RIIZE,single,False,6.0,-2.0,0.8333333333333334,2.5,27.27272727272727,0.9441340782122905,0.1378026070763501,0.8016759776536313,0.750465549348231,65.43761638733707
seven (feat. latto) (alesso remix) | jung kook & latto,8,Seven (feat. Latto) (Alesso Remix),Jung Kook & Latto,single,True,2.0,-3.5,0.0,1.5,25.0,0.9357541899441341,0.0893854748603352,0.931098696461825,0.660148975791434,65.33519553072625
seven (feat. latto) (band ver.) | jung kook & latto,10,Seven (feat. Latto) (Band Ver.),Jung Kook & Latto,single,False,3.0,-7.0,0.0,2.0,30.0,0.9515828677839852,0.043761638733705775,0.931098696461825,0.7048417132216015,65.04655493482309
closer to you (feat. major lazer) | jung kook,60,Closer to You (feat. Major Lazer),Jung Kook,album,False,11.0,-1.7272727272727273,0.45454545454545453,2.4545454545454546,18.333333333333332,0.9087523277467412,0.148975791433892,0.8361266294227188,0.7467411545623837,65.00931098696462
my you | jung kook,30,My You,Jung Kook,single,False,6.0,-2.3333333333333335,0.16666666666666666,2.0,20.0,0.9180633147113594,0.12383612662942271,0.8594040968342644,0.7048417132216015,64.67411545623835
vancouver | big naughty,9,Vancouver,BIG Naughty,single,False,2.0,-5.5,0.0,1.5,22.22222222222222,0.9273743016759777,0.0595903165735568,0.931098696461825,0.660148975791434,64.10614525139665
sunflower - spider-man: into the spider-verse | post malone,23,Sunflower - Spider-Man: Into the Spider-Verse,Post Malone,album,False,5.0,-3.6,0.4,2.2,21.73913043478261,0.925512104283054,0.08752327746741155,0.8389199255121043,0.7383612662942272,63.808193668528865
carnival | ¥$ & kanye west & ty dolla $ign,14,CARNIVAL,¥$ & Kanye West & Ty Dolla $ign,single,True,2.0,-2.5,0.0,1.0,14.285714285714285,0.8873370577281192,0.11452513966480447,0.931098696461825,0.6154562383612663,63.70577281191806
who (beautiful mind remix) | jimin,78,Who (Beautiful Mind Remix),Jimin,album,False,11.0,-0.7272727272727273,3.1818181818181817,6.090909090909091,14.102564102564102,0.88268156424581,0.2085661080074488,0.6778398510242085,0.8547486033519553,63.668528864059596
love me like this | nmixx,18,Love Me Like This,NMIXX,single,False,2.0,-2.0,0.0,1.0,11.11111111111111,0.8603351955307262,0.1378026070763501,0.931098696461825,0.6154562383612663,63.32402234636872
please don't change (feat. dj snake) | jung kook,102,Please Don't Change (feat. DJ Snake),Jung Kook,album,False,9.0,-1.0,0.8888888888888888,5.888888888888889,8.823529411764707,0.8324022346368715,0.18063314711359404,0.7988826815642458,0.8491620111731844,63.18435754189944
love letter | lim young woong,75,Love Letter,Lim Young Woong,album,False,9.0,-0.6666666666666666,3.6666666666666665,8.11111111111111,12.0,0.8687150837988827,0.21135940409683426,0.6601489757914338,0.8845437616387337,63.13780260707635
hype boy | newjeans,321,Hype Boy,NewJeans,single,False,18.0,-0.1111111111111111,0.8333333333333334,6.555555555555555,5.607476635514018,0.7802607076350093,0.23277467411545624,0.8016759776536313,0.8621973929236499,62.8491620111732
my starry love | lim young woong,30,My Starry Love,Lim Young Woong,single,False,3.0,-2.3333333333333335,0.0,1.0,10.0,0.8482309124767226,0.12383612662942271,0.931098696461825,0.6154562383612663,62.42085661080075
spring snow | 10cm,22,Spring Snow,10CM,single,False,3.0,-2.6666666666666665,1.3333333333333333,7.0,13.636363636363635,0.8808193668528864,0.10986964618249534,0.7476722532588455,0.8705772811918063,62.18808193668529
taste | sabrina carpenter,25,Taste,Sabrina Carpenter,album,False,3.0,-2.0,0.6666666666666666,1.6666666666666667,12.0,0.8687150837988827,0.1378026070763501,0.813780260707635,0.6675977653631285,61.8342644320298
lucky girl syndrome | illit,57,Lucky Girl Syndrome,ILLIT,single,False,4.0,-1.0,1.5,11.75,7.017543859649122,0.8026070763500931,0.18063314711359404,0.7383612662942272,0.9245810055865922,61.53631284916201
a bientot | lim young woong,281,A bientot,Lim Young Woong,album,False,21.0,-0.5238095238095238,3.4285714285714284,11.333333333333334,7.473309608540925,0.8100558659217877,0.21415270018621974,0.6675977653631284,0.9199255121042831,61.378026070763504
dance the night (from barbie the album) | dua lipa,18,Dance The Night (From Barbie The Album),Dua Lipa,single,False,3.0,-4.0,2.6666666666666665,5.666666666666667,16.666666666666664,0.8975791433891993,0.08007448789571694,0.691806331471136,0.845437616387337,60.59590316573558
flower | jisoo,44,FLOWER,JISOO,single,False,3.0,-1.3333333333333333,0.6666666666666666,3.0,6.8181818181818175,0.7988826815642458,0.15456238361266295,0.813780260707635,0.7718808193668529,60.586592178770935
pump up the volume! | plave,40,Pump Up The Volume!,PLAVE,single,False,2.0,-1.0,1.0,7.5,5.0,0.7672253258845437,0.18063314711359404,0.776536312849162,0.8761638733705773,60.40037243947858
perfect night | le sserafim,277,Perfect Night,LE SSERAFIM,single,False,9.0,-0.4444444444444444,0.6666666666666666,8.444444444444445,3.2490974729241873,0.7094972067039106,0.22160148975791433,0.813780260707635,0.888268156424581,60.18621973929237
"how can i love the heartbreak, you're the one i love | akmu",33,"How can I love the heartbreak, you're the one I love",AKMU,album,False,2.0,-0.5,5.5,12.5,6.0606060606060606,0.7886405959031657,0.21787709497206703,0.6378026070763501,0.9301675977653632,60.139664804469284
interlude : dive | jimin,364,Interlude : Dive,Jimin,single,False,19.0,-0.2631578947368421,5.578947368421052,15.052631578947368,5.21978021978022,0.770949720670391,0.22346368715083798,0.6350093109869646,0.9385474860335196,59.62756052141527
attention | newjeans,151,Attention,NewJeans,single,False,9.0,-1.3333333333333333,2.2222222222222223,9.88888888888889,5.960264900662252,0.7839851024208566,0.15456238361266295,0.6983240223463687,0.9031657355679702,58.99441340782122
eta | newjeans,340,ETA,NewJeans,single,False,14.0,-0.14285714285714285,4.071428571428571,13.857142857142858,4.117647058823529,0.7318435754189944,0.22905027932960895,0.6461824953445066,0.9348230912476723,58.4171322160149
cruel summer | taylor swift,250,Cruel Summer,Taylor Swift,album,False,12.0,-0.75,7.916666666666667,16.0,4.8,0.7597765363128491,0.2048417132216015,0.6219739292364991,0.9422718808193669,58.39851024208566
fri(end)s | v,120,FRI(END)S,V,single,False,4.0,-0.75,1.0,4.25,3.3333333333333335,0.7113594040968343,0.2048417132216015,0.776536312849162,0.8175046554934823,58.30540037243948
fortnight (feat. post malone) | taylor swift,43,Fortnight (feat. Post Malone),Taylor Swift,album,False,2.0,-2.5,0.5,3.5,4.651162790697675,0.7541899441340782,0.11452513966480447,0.8258845437616387,0.7914338919925512,58.035381750465554
small girl (feat. d.o.) | lee young ji,93,Small girl (feat. D.O.),Lee Young Ji,single,False,3.0,-1.0,1.3333333333333333,8.0,3.225806451612903,0.7067039106145251,0.18063314711359404,0.7476722532588455,0.88268156424581,57.467411545623825
not like us | kendrick lamar,53,Not Like Us,Kendrick Lamar,single,True,4.0,-4.75,2.0,4.75,7.547169811320755,0.813780260707635,0.06890130353817504,0.7141527001862198,0.8249534450651769,57.15083798882681
boom boom bass | riize,95,Boom Boom Bass,RIIZE,album,False,2.0,-0.5,0.5,2.0,2.1052631578947367,0.6759776536312849,0.21787709497206703,0.8258845437616387,0.7048417132216015,57.141527001862194
midas touch | kiss of life,78,Midas Touch,KISS OF LIFE,single,False,2.0,-2.5,0.0,2.0,2.564102564102564,0.6945996275605214,0.11452513966480447,0.931098696461825,0.7048417132216015,56.890130353817504
bubble gum | newjeans,128,Bubble Gum,NewJeans,single,False,5.0,-2.4,0.4,2.2,3.90625,0.7243947858472998,0.12104283054003724,0.8389199255121043,0.7383612662942272,56.76908752327746
lovely touch | lim young woong,119,Lovely Touch,Lim Young Woong,album,False,5.0,-1.0,9.6,23.4,4.201680672268908,0.7392923649906891,0.18063314711359404,0.6014897579143389,0.9720670391061452,56.74115456238361
bling-bang-bang-born | creepy nuts,43,Bling-Bang-Bang-Born,Creepy Nuts,single,False,2.0,-5.0,0.5,4.0,4.651162790697675,0.7541899441340782,0.06517690875232775,0.8258845437616387,0.8054003724394786,56.69459962756053
london boy | lim young woong,521,London Boy,Lim Young Woong,single,False,6.0,-0.8333333333333334,0.0,1.8333333333333333,1.1516314779270633,0.62756052141527,0.2011173184357542,0.931098696461825,0.6731843575418994,56.489757914338924
sudden shower | eclipse,77,Sudden Shower,ECLIPSE,single,False,3.0,-1.3333333333333333,3.3333333333333335,17.666666666666668,3.896103896103896,0.7225325884543762,0.15456238361266295,0.6713221601489758,0.9515828677839852,56.4804469273743
welcome to the show | day6,97,Welcome to the Show,DAY6,album,False,4.0,-3.0,0.75,3.0,4.123711340206185,0.7346368715083799,0.09962756052141528,0.8081936685288641,0.7718808193668529,56.25698324022348
cupid - twin ver. | fifty fifty,65,Cupid - Twin Ver.,FIFTY FIFTY,single,False,3.0,-5.666666666666667,1.0,5.666666666666667,4.615384615384616,0.749534450651769,0.05772811918063315,0.776536312849162,0.845437616387337,55.69832402234637
plot twist | tws,131,plot twist,TWS,single,False,2.0,-0.5,2.0,7.5,1.5267175572519083,0.6517690875232774,0.21787709497206703,0.7141527001862198,0.8761638733705773,55.65176908752327
who (rock remix) | jimin,101,Who (Rock Remix),Jimin,album,False,4.0,-1.25,8.5,17.75,3.9603960396039604,0.7271880819366853,0.15828677839851024,0.6126629422718808,0.9534450651769087,55.62383612662942
who (acoustic remix) | jimin,97,Who (Acoustic Remix),Jimin,album,False,4.0,-2.0,6.5,16.75,4.123711340206185,0.7346368715083799,0.1378026070763501,0.6312849162011174,0.9441340782122905,55.58659217877096
gods | league of legends & newjeans,111,GODS,League of Legends & NewJeans,single,False,2.0,-2.0,0.0,1.0,1.8018018018018018,0.6666666666666666,0.1378026070763501,0.931098696461825,0.6154562383612663,55.577281191806335
sos | kangdaniel,49,SOS,KANGDANIEL,single,False,3.0,-8.333333333333334,2.0,4.666666666666667,6.122448979591836,0.7914338919925512,0.0297951582867784,0.7141527001862198,0.8230912476722533,55.06517690875232
hero | lim young woong,111,HERO,Lim Young Woong,single,False,4.0,-2.0,8.0,27.5,3.6036036036036037,0.7150837988826816,0.1378026070763501,0.6173184357541899,0.9813780260707635,54.89757914338921
vampire | olivia rodrigo,38,vampire,Olivia Rodrigo,single,True,2.0,-6.0,4.0,8.5,5.263157894736842,0.7737430167597765,0.0521415270018622,0.6517690875232774,0.8901303538175046,54.45065176908752
left and right (feat. jung kook of bts) | charlie puth,226,Left and Right (Feat. Jung Kook of BTS),Charlie Puth,album,False,7.0,-2.142857142857143,3.4285714285714284,9.0,3.0973451327433628,0.702048417132216,0.1266294227188082,0.6675977653631284,0.8957169459962756,54.18994413407822
super shy | newjeans,409,Super Shy,NewJeans,single,False,2.0,-1.0,0.0,1.5,0.4889975550122249,0.5884543761638734,0.18063314711359404,0.931098696461825,0.660148975791434,54.180633147113596
queencard | (g)i-dle,119,Queencard,(G)I-DLE,single,False,2.0,-3.0,0.0,1.0,1.680672268907563,0.6554934823091247,0.09962756052141528,0.931098696461825,0.6154562383612663,53.98510242085661
face-off | jimin,405,Face-off,Jimin,single,True,7.0,-2.4285714285714284,1.8571428571428572,4.0,1.728395061728395,0.6629422718808193,0.1191806331471136,0.7299813780260708,0.8054003724394786,52.74674115456239
warmth | lim young woong,195,Warmth,Lim Young Woong,single,False,2.0,-1.0,4.0,12.5,1.0256410256410255,0.6238361266294227,0.18063314711359404,0.6517690875232774,0.9301675977653632,52.709497206703915
touch | katseye,78,Touch,KATSEYE,single,False,2.0,-4.0,9.5,34.5,2.564102564102564,0.6945996275605214,0.08007448789571694,0.6033519553072626,0.9869646182495344,52.12290502793295
armageddon | aespa,178,Armageddon,aespa,album,False,3.0,-4.333333333333333,3.3333333333333335,21.666666666666668,1.6853932584269662,0.6573556797020484,0.07262569832402235,0.6713221601489758,0.9683426443202979,51.58286778398511
if we ever meet again | lim young woong,503,If We Ever Meet Again,Lim Young Woong,album,False,4.0,-1.0,34.5,70.0,0.7952286282306162,0.6070763500931099,0.18063314711359404,0.584729981378026,0.9962756052141527,51.35940409683427
fate | (g)i-dle,97,Fate,(G)I-DLE,album,False,2.0,-4.5,1.5,2.5,2.0618556701030926,0.6722532588454376,0.07076350093109869,0.7383612662942272,0.750465549348231,51.284916201117326
super | seventeen,79,Super,SEVENTEEN,single,False,2.0,-7.5,4.5,15.5,2.5316455696202533,0.6890130353817505,0.03910614525139665,0.6443202979515829,0.9404096834264432,51.02420856610801
rainy days | v,206,Rainy Days,V,single,False,3.0,-5.333333333333333,1.3333333333333333,4.0,1.4563106796116505,0.6499068901303539,0.061452513966480445,0.7476722532588455,0.8054003724394786,50.84729981378027
alone | jimin,407,Alone,Jimin,single,False,3.0,-9.333333333333334,9.0,10.0,0.7371007371007371,0.6033519553072626,0.024208566108007448,0.6089385474860336,0.909683426443203,46.13594040968343
